<?xml version="1.0" encoding="UTF-8"?>
<Configuration status="WARN">
    <Appenders>
        <!-- Console Appender -->
        <Console name="Console" target="SYSTEM_OUT">
            <PatternLayout pattern="%d{yyyy-MM-dd HH:mm:ss} [%t] %-5level %logger{36} - %msg%n" />
        </Console>

        <!-- File Appender -->
        <File name="File" fileName="logs/app.log">
            <PatternLayout pattern="%d{yyyy-MM-dd HH:mm:ss} [%t] %-5level %logger{36} - %msg%n" />
        </File>
    </Appenders>

    <Loggers>
        <!-- Root Logger -->
        <Root level="info">
            <AppenderRef ref="Console" />
            <AppenderRef ref="File" />
        </Root>

        <!-- Specific Logger -->
        <Logger name="com.example" level="debug" additivity="false">
            <AppenderRef ref="Console" />
        </Logger>
    </Loggers>
</Configuration>
